logwage,hgc,college,exper,married,kids,union
,18,1,16.27154,1,1,1
1.858972,15,0,0,1,0,0
.5635557,13,0,8.602227,1,0,0
.6383173,8,0,5.143744,0,1,0
2.539825,11,0,1.198157,1,0,0
1.071637,15,0,3.069818,1,1,0
2.463379,12,0,0,1,1,0
,14,0,9.900727,1,1,0
1.313705,8,0,2.921131,0,0,0
2.219205,10,0,7.310351,1,0,0
1.466677,15,0,3.653589,1,1,0
,16,1,7.452794,0,0,0
,12,0,18.48961,1,0,1
2.362335,14,0,7.76408,0,0,0
2.061889,10,0,12.08171,1,1,1
.2775748,14,0,0,0,0,0
1.350616,11,0,6.040155,0,1,0
.7367153,6,0,3.585321,0,1,0
.8578248,7,0,0,1,1,0
.9895146,11,0,6.800615,1,0,0
,11,0,15.90567,1,0,1
,18,1,5.937185,1,1,0
.0871469,12,0,0,1,1,0
1.237791,10,0,4.987723,0,1,0
,13,0,14.10643,1,0,1
1.211884,15,0,0,0,0,0
2.532987,15,0,0,1,1,0
,13,0,11.18608,0,0,1
,17,1,5.279186,0,0,0
,12,0,15.96652,0,0,1
1.493195,12,0,0,1,0,0
.9394991,9,0,0,0,0,0
,11,0,15.05906,0,0,1
,12,0,18.14211,0,0,1
1.602755,12,0,13.15143,0,0,1
1.094688,14,0,3.248121,1,1,0
1.88619,10,0,17.05253,0,1,1
1.485162,14,0,7.254704,1,1,0
2.164165,10,0,0,0,0,0
,15,0,14.4249,1,1,1
.3324498,13,0,.0734741,1,0,0
,15,0,12.27465,1,0,1
.8342936,13,0,1.067485,1,0,0
,11,0,17.57344,0,1,1
2.235928,13,0,7.532482,1,1,0
,11,0,12.22923,1,0,1
2.353539,11,0,4.071321,0,1,0
2.59243,9,0,7.784546,0,0,0
2.031975,11,0,0,0,0,0
,13,0,9.349056,1,1,0
3.003256,11,0,10.89625,0,1,1
.9582573,10,0,8.738829,1,0,0
2.056099,14,0,0,1,1,0
.6691241,12,0,0,1,1,0
1.907094,17,1,0,0,0,0
1.224213,11,0,0,0,1,0
1.563493,15,0,3.705508,0,0,0
.8597245,11,0,2.827421,0,0,0
.9160392,11,0,.5176244,0,1,0
,13,0,8.217426,1,0,0
1.963623,9,0,13.54999,0,1,1
2.61262,13,0,4.571602,0,0,0
1.180052,9,0,7.225423,0,1,0
1.364429,11,0,10.05727,0,0,1
,15,0,7.560508,1,0,0
2.533279,12,0,7.992117,0,1,0
2.650446,11,0,12.1286,0,0,1
1.856206,12,0,0,1,0,0
2.807972,14,0,5.445684,0,0,0
1.534762,11,0,8.201112,0,1,0
1.602943,6,0,12.27872,1,0,1
.6684583,10,0,11.83439,1,0,1
.6562243,16,1,.5372033,0,0,0
,15,0,20.48353,1,1,1
2.006546,8,0,7.849645,1,1,1
1.917208,13,0,7.446177,0,1,0
.70053,12,0,3.296034,1,0,0
2.65052,12,0,10.35607,0,1,1
2.435124,14,0,7.068529,0,1,0
,12,0,15.95051,1,1,1
2.191869,12,0,0,1,1,0
2.123868,11,0,6.959629,0,0,0
1.619812,9,0,10.42503,1,1,1
,12,0,18.59436,0,1,1
1.569567,13,0,0,0,0,0
,10,0,14.72443,0,1,1
2.308491,9,0,8.517175,0,0,1
,17,1,10.96783,1,1,0
1.749833,12,0,3.046239,0,0,0
.9856559,16,1,0,1,1,0
1.948964,11,0,9.351441,1,1,1
2.469439,10,0,4.615023,1,1,0
.5248836,12,0,1.457511,1,0,0
1.195333,13,0,4.532268,0,0,0
1.862585,13,0,3.937333,1,0,0
1.820135,11,0,4.008396,1,0,0
1.905018,12,0,0,0,0,0
.8500978,11,0,7.367412,0,0,0
,11,0,13.56145,1,0,1
.5104109,13,0,0,1,1,0
,18,1,2.652788,1,0,0
.6595884,11,0,1.981107,0,1,0
,12,0,19.47683,1,1,1
1.951574,12,0,0,0,0,0
2.53199,7,0,7.707669,0,1,1
2.412881,12,0,5.058742,1,0,0
,14,0,12.08698,0,1,1
1.826061,10,0,1.170501,0,0,0
.5743303,11,0,4.077649,0,0,0
,17,1,10.19977,1,1,0
1.546307,13,0,0,1,0,0
1.786763,14,0,5.095118,0,0,0
1.674046,10,0,7.134722,0,1,0
2.174882,9,0,9.130584,1,1,1
2.041432,12,0,2.258544,0,1,0
,16,1,15.17919,0,0,1
.4855176,13,0,1.174392,1,0,0
1.636633,9,0,9.40345,1,1,1
,17,1,6.678417,0,0,0
1.127703,15,0,1.412066,1,1,0
1.613364,11,0,0,1,1,0
1.640538,12,0,2.773278,1,1,0
,12,0,17.08599,1,0,1
,16,1,1.329299,1,0,0
2.532018,16,1,1.394124,0,1,0
1.227631,9,0,6.578477,1,1,0
,13,0,8.897794,1,1,0
,15,0,10.2649,1,1,0
2.592418,11,0,0,0,0,0
1.435257,14,0,2.216213,1,1,0
1.179899,13,0,5.750103,1,0,0
,14,0,14.55038,0,0,1
1.398252,11,0,0,0,0,0
3.246555,12,0,0,1,0,0
.4031079,11,0,.8518434,0,0,0
,15,0,6.263717,1,1,0
1.564972,14,0,7.328013,1,1,0
.8340916,9,0,0,0,0,0
,15,0,4.851258,1,1,0
,15,0,8.992677,0,0,0
1.56943,11,0,11.22768,1,1,1
2.066519,13,0,5.254634,1,0,0
,15,0,8.120204,1,0,0
,13,0,11.58332,0,1,1
1.318415,10,0,11.04325,0,0,1
3.28836,11,0,5.100858,1,0,0
.7569816,9,0,6.550812,0,1,0
2.627425,15,0,.9687957,1,0,0
1.34925,13,0,.4651597,0,1,0
1.595506,13,0,4.225792,0,0,0
,11,0,10.59684,1,0,1
2.748867,13,0,4.057057,1,0,0
,12,0,12.11762,1,1,1
2.451264,12,0,0,1,0,0
,16,1,14.2909,1,0,1
1.618798,13,0,2.604219,1,0,0
1.620139,16,1,0,1,0,0
-.4508299,13,0,0,0,0,0
1.928302,14,0,0,0,1,0
.9621994,12,0,9.802999,0,0,0
2.520246,14,0,0,1,0,0
2.940915,15,0,2.632987,0,1,0
1.676502,11,0,5.54843,0,0,0
,16,1,5.727265,1,0,0
1.599776,10,0,6.631409,0,1,0
.9369439,12,0,5.564883,0,0,0
1.768914,11,0,.0216617,1,0,0
,12,0,15.16318,1,1,1
1.877187,12,0,5.855483,0,0,0
1.732578,14,0,2.040396,1,0,0
1.724858,13,0,6.004374,1,0,0
1.900183,14,0,0,0,1,0
,9,0,24.11426,0,1,1
,13,0,12.35479,1,1,1
.3833817,9,0,4.818269,1,0,0
2.393562,12,0,4.610956,0,0,0
1.048319,12,0,2.440179,0,0,0
2.481875,12,0,7.75513,0,1,0
,15,0,7.076345,1,1,0
1.909881,9,0,2.302784,0,0,0
1.979246,13,0,4.418161,1,1,0
3.265708,11,0,6.301957,0,0,0
1.741484,11,0,8.427418,1,1,0
.5995317,12,0,7.21051,1,0,0
.455636,13,0,.5932435,1,0,0
.7776196,12,0,2.766063,1,0,0
1.856063,8,0,3.993009,0,1,0
2.393986,16,1,0,0,1,0
2.273184,12,0,5.268027,0,0,0
4.138976,11,0,2.321095,1,1,0
1.203185,8,0,7.913178,0,1,0
,18,1,0,1,0,0
1.645675,8,0,5.730502,0,1,0
,14,0,14.77888,1,0,1
,16,1,8.635049,1,1,0
,17,1,8.800709,1,1,0
,16,1,5.794778,0,0,0
1.211093,15,0,4.323555,1,1,0
1.593724,14,0,1.954869,0,1,0
1.663904,15,0,4.506677,0,1,0
.2006021,6,0,1.772331,0,0,0
1.81573,9,0,5.143173,1,1,0
2.69751,11,0,.4421913,1,1,0
2.562215,15,0,0,1,0,0
,15,0,3.168697,1,1,0
2.131843,9,0,0,0,0,0
2.484385,13,0,6.494454,1,0,0
,10,0,13.07917,1,0,1
,12,0,24.68895,1,1,1
.8779896,11,0,4.232318,1,0,0
1.335411,7,0,9.660594,0,0,1
,12,0,17.96087,0,1,1
,9,0,15.11309,1,0,1
1.60454,11,0,.2103324,1,0,0
,16,1,5.361192,0,0,0
,15,0,12.3572,0,1,1
1.698509,9,0,5.327345,1,1,0
1.733251,11,0,5.228727,0,0,0
1.557237,14,0,3.370075,1,0,0
4.165991,11,0,5.624496,1,1,0
,16,1,8.147139,1,0,0
2.512414,8,0,9.046636,1,1,1
1.94422,15,0,0,0,0,0
1.122187,13,0,1.772687,1,1,0
2.80248,13,0,7.624634,0,0,0
1.657084,16,1,5.389753,0,1,0
2.025788,13,0,8.332174,0,0,0
.896472,11,0,4.511476,1,0,0
2.50086,13,0,5.704963,1,1,0
2.197125,14,0,1.028909,1,0,0
2.042134,8,0,6.205314,1,1,0
.9105634,9,0,6.711069,1,0,0
,13,0,18.00681,1,0,1
1.64866,9,0,10.42203,1,0,1
.3362708,11,0,6.784119,1,1,0
,15,0,15.00181,1,0,1
,14,0,10.72801,1,1,0
,17,1,11.46022,1,0,0
,16,1,4.971314,0,0,0
,16,1,7.861757,1,0,0
1.634118,12,0,0,1,0,0
1.748067,12,0,0,1,1,0
,14,0,6.893336,1,0,0
1.193079,10,0,3.6939,1,1,0
2.724446,8,0,.1492693,1,1,0
,14,0,12.1,0,1,1
,17,1,4.145221,0,0,0
.9161533,10,0,2.445194,1,1,0
1.195725,13,0,2.571293,0,0,0
,13,0,12.06012,1,0,1
.7320293,7,0,3.009881,1,1,0
1.150863,12,0,8.478701,1,1,0
.9303591,12,0,5.232824,0,1,0
2.483745,16,1,0,0,0,0
1.367367,16,1,1.876912,0,1,0
,14,0,12.55861,1,1,1
2.116789,13,0,6.718933,1,1,0
.8407382,13,0,8.871778,0,0,0
1.812533,7,0,3.179977,1,0,0
,18,1,15.00341,1,0,1
2.896583,13,0,.2427905,0,1,0
1.654736,15,0,4.147295,0,1,0
1.601438,12,0,0,1,1,0
,18,1,3.89766,0,1,0
2.513651,14,0,0,0,1,0
1.980535,10,0,5.011133,1,0,0
2.043079,14,0,6.495878,0,1,0
2.779313,13,0,3.452886,1,0,0
,17,1,9.143494,0,1,0
.6855009,15,0,9.156066,0,0,0
.706084,12,0,0,1,0,0
.9435816,7,0,13.9985,1,1,1
1.315573,12,0,8.941597,1,0,0
,9,0,12.33768,1,1,1
,11,0,13.90396,1,0,1
.6950921,8,0,2.882936,1,0,0
2.556517,12,0,0,1,0,0
1.504107,11,0,10.84399,0,0,1
,18,1,4.729631,1,0,0
1.596337,11,0,5.036911,0,0,0
,11,0,13.88626,0,1,1
1.016396,12,0,6.765392,1,1,0
1.56711,14,0,2.729231,0,0,0
1.622813,12,0,7.091901,0,0,0
2.177371,15,0,6.407242,0,1,0
1.660928,10,0,4.625803,1,0,0
2.235879,7,0,9.456079,1,1,1
.8802688,9,0,0,0,0,0
,10,0,14.59685,0,1,1
1.886481,14,0,3.603832,1,0,0
,13,0,9.677292,0,0,0
,18,1,14.9961,1,0,1
,15,0,11.96082,0,1,0
2.749034,15,0,0,1,0,0
1.875863,12,0,6.607494,1,0,0
1.25272,11,0,0,1,0,0
1.738626,10,0,5.638019,1,1,0
2.364102,8,0,13.00183,0,0,1
,11,0,11.36767,1,0,1
1.965384,13,0,0,0,0,0
2.084542,8,0,7.017063,1,1,1
2.586119,12,0,.8148373,0,1,0
1.986436,11,0,7.705811,0,0,0
1.597108,12,0,3.707641,0,0,0
.6335242,7,0,13.17444,1,0,1
2.97599,11,0,7.063403,0,0,0
1.289135,12,0,3.750982,1,1,0
,17,1,.9415011,1,0,0
,15,0,7.442632,1,1,0
1.25643,11,0,8.212596,1,0,0
,11,0,20.77142,1,1,1
1.580902,11,0,2.905354,0,0,0
1.888815,15,0,4.580937,0,0,0
,18,1,.42131,0,1,0
1.323228,13,0,5.194865,1,1,0
1.883267,13,0,5.88827,0,0,0
1.71857,13,0,4.905333,1,0,0
.9050581,13,0,2.606703,1,0,0
1.685321,12,0,10.98332,0,0,1
,14,0,8.095973,1,0,0
.9337772,11,0,10.16054,1,0,1
1.986809,12,0,4.557349,1,1,0
1.371084,9,0,10.743,1,0,1
,15,0,5.019634,1,0,0
,13,0,10.2082,1,0,0
,14,0,6.554887,1,1,0
2.465481,8,0,11.0844,1,1,1
,15,0,11.04332,1,1,0
1.201748,14,0,8.89857,0,0,0
1.890385,12,0,4.082409,1,1,0
,13,0,8.189161,1,0,0
.7811076,13,0,8.692972,1,1,0
,12,0,7.490973,1,1,0
1.350546,11,0,10.83696,1,0,1
1.227017,12,0,.9572509,0,1,0
,16,1,10.63801,1,1,1
2.011045,11,0,0,0,0,0
1.478912,14,0,3.634517,0,0,0
,17,1,7.848485,1,0,0
,12,0,15.61041,1,0,1
2.631376,13,0,0,1,1,0
.2715103,13,0,5.007658,1,0,0
1.695076,12,0,8.896545,0,0,0
,14,0,8.059361,1,0,0
1.577652,10,0,13.79539,0,0,1
2.317336,12,0,4.53958,0,0,0
.3302813,14,0,10.5413,0,0,0
1.918782,15,0,0,1,0,0
,12,0,11.31505,1,1,1
2.529683,14,0,0,1,1,0
1.650494,13,0,7.919948,0,0,0
.885485,12,0,16.17624,0,1,1
1.215097,11,0,3.509895,1,0,0
1.770919,13,0,6.53064,0,1,0
.8306859,11,0,7.991278,1,1,1
.6894217,10,0,3.748888,1,0,0
2.208449,10,0,3.826694,1,0,0
1.708931,12,0,11.23356,0,0,1
1.207425,9,0,0,0,0,0
1.917448,13,0,6.060692,1,0,0
2.03424,13,0,2.201747,0,1,0
1.238617,13,0,0,0,1,0
.3443162,13,0,2.593946,0,0,0
2.068128,13,0,9.416512,0,1,0
,15,0,11.29026,1,1,0
.5959876,12,0,3.169593,1,1,0
,18,1,7.301352,0,1,0
,12,0,17.95601,0,1,1
2.104706,13,0,2.562961,0,0,0
,15,0,5.55077,0,0,0
1.347296,12,0,7.771552,1,0,0
1.696371,11,0,13.17579,0,0,1
1.610622,17,1,1.395208,0,0,0
1.663135,13,0,7.370889,1,1,0
,12,0,10.01425,1,0,1
1.644819,14,0,5.371939,1,0,0
,14,0,7.425181,1,0,0
1.524151,9,0,0,1,0,0
2.077092,9,0,9.219614,0,1,1
2.371897,13,0,8.747059,0,0,0
2.472914,13,0,4.118636,0,0,0
.8744691,11,0,5.449782,0,1,0
1.505433,13,0,4.226669,1,1,0
,14,0,17.1713,1,0,1
1.939213,11,0,2.49568,0,1,0
2.168009,14,0,5.899806,0,0,0
,15,0,17.68385,1,1,1
3.167258,12,0,7.967457,0,1,0
,15,0,7.26779,1,0,0
.6949995,11,0,8.959504,0,1,0
2.056795,12,0,0,1,1,0
,12,0,9.380729,1,1,1
1.29766,13,0,5.433869,0,1,0
1.747272,14,0,.4504642,1,1,0
1.694969,12,0,0,1,1,0
1.173701,12,0,6.235997,0,0,0
2.075809,12,0,0,1,1,0
,9,0,18.59017,1,1,1
.2579955,8,0,0,0,1,0
.9369786,13,0,2.70508,1,1,0
,13,0,8.923459,1,0,0
1.978508,12,0,.2392643,1,0,0
,13,0,16.08137,0,1,1
,14,0,5.804245,1,0,0
1.677798,17,1,0,0,0,0
2.065104,16,1,0,1,0,0
1.790343,14,0,5.093385,0,0,0
1.082813,14,0,1.32029,0,0,0
,17,1,3.453478,1,0,0
2.282138,12,0,5.753861,1,0,0
2.263466,13,0,3.823754,1,0,0
2.785032,10,0,6.740063,1,0,0
2.91486,12,0,7.956919,1,1,0
1.155115,17,1,.6225131,1,0,0
.9617363,6,0,3.273832,1,1,0
,16,1,11.6489,1,1,1
1.683379,10,0,11.96124,1,0,1
2.795205,12,0,4.814913,0,0,0
1.630048,13,0,8.867085,1,1,0
,17,1,7.501351,0,0,0
1.711648,10,0,7.070207,0,0,0
1.505152,17,1,2.342814,0,0,0
1.2667,11,0,3.902128,1,0,0
,14,0,9.075589,1,0,0
,14,0,14.28402,0,1,1
1.174416,11,0,8.23713,0,1,0
2.491721,10,0,7.998956,1,0,0
1.961215,14,0,.7291968,1,1,0
1.425864,11,0,5.197664,0,0,0
2.04238,9,0,11.90771,1,0,1
1.898511,11,0,12.37326,0,0,1
1.91631,11,0,5.367993,1,0,0
,12,0,9.182344,1,0,1
1.869229,9,0,12.96281,0,0,1
1.784816,15,0,7.271036,0,0,0
1.896832,14,0,0,0,1,0
2.887585,14,0,4.941676,0,1,0
,11,0,12.97774,1,0,1
2.12191,10,0,8.485079,1,0,1
.312094,13,0,0,1,1,0
1.010424,9,0,1.425791,1,0,0
,16,1,6.605034,1,0,0
1.244107,12,0,1.836838,1,1,0
,14,0,14.9753,0,0,1
,15,0,8.47422,1,1,0
,10,0,17.15044,1,0,1
1.324383,13,0,0,0,1,0
,15,0,10.85897,1,1,0
,13,0,8.003702,1,0,0
.7356902,11,0,0,1,1,0
.7917606,12,0,.5457335,1,0,0
,15,0,13.96956,0,1,1
.5852583,9,0,4.435635,1,1,0
2.081875,13,0,2.444666,1,1,0
1.90879,14,0,.7368451,1,1,0
1.095404,9,0,6.2936,0,1,0
1.759986,13,0,4.463093,0,1,0
,12,0,16.54366,1,0,1
1.852135,10,0,2.379285,0,1,0
,17,1,15.43459,0,1,1
1.272494,11,0,2.279323,1,1,0
2.313065,12,0,0,1,1,0
,15,0,10.47526,0,0,0
,13,0,12.13947,0,0,1
1.816672,14,0,8.626444,0,0,0
,16,1,9.0854,1,0,0
1.358385,12,0,7.126889,0,1,0
1.655447,11,0,.9711835,1,0,0
2.56368,9,0,9.942788,1,0,1
1.272448,10,0,9.626667,0,1,1
1.246574,13,0,.4300852,0,0,0
1.918397,11,0,5.766018,1,1,0
2.338996,13,0,6.431264,1,1,0
1.769279,13,0,2.082231,1,0,0
1.134902,9,0,5.849777,1,0,0
.6687921,9,0,3.775812,1,1,0
2.367308,15,0,2.41273,1,0,0
,11,0,13.10953,1,1,1
2.119288,13,0,0,1,0,0
1.244968,10,0,8.883642,1,0,0
2.50545,12,0,0,1,0,0
2.117614,13,0,.9465224,1,1,0
1.521761,15,0,6.033816,1,1,0
1.171702,11,0,5.50445,0,1,0
1.919406,13,0,6.074992,0,0,0
1.524989,12,0,6.589483,1,0,0
2.416408,13,0,5.926833,1,1,0
.6873331,9,0,.4095905,1,0,0
1.390123,12,0,1.185541,0,1,0
1.549103,12,0,8.904969,1,1,0
1.664541,11,0,0,1,1,0
1.533344,16,1,4.227364,0,1,0
,14,0,9.28894,0,0,0
1.288028,12,0,4.272767,1,0,0
1.861204,11,0,6.540328,0,0,0
,14,0,5.771524,1,1,0
,11,0,10.79935,1,0,1
1.389067,10,0,1.622906,1,0,0
2.342068,12,0,2.562687,1,1,0
,14,0,18.85806,0,1,1
1.441553,8,0,0,1,0,0
,14,0,3.461453,1,0,0
2.227653,10,0,10.13131,0,1,1
1.139848,12,0,5.62022,1,0,0
,10,0,9.893224,1,0,1
1.853786,10,0,6.691538,0,0,0
,16,1,8.057177,1,0,0
1.646711,11,0,1.047038,0,0,0
2.360512,13,0,1.472494,1,0,0
1.119884,14,0,0,1,1,0
2.230376,17,1,0,0,1,0
2.196934,13,0,0,1,0,0
,14,0,13.4821,1,1,1
1.479868,8,0,5.83609,0,1,0
1.708221,14,0,1.078495,1,1,0
,13,0,11.04685,1,1,1
2.81496,12,0,5.86456,0,0,0
2.358331,10,0,1.8243,1,0,0
1.016498,9,0,16.43743,1,0,1
.3772156,11,0,8.819445,0,1,0
1.164634,12,0,1.62703,0,1,0
,12,0,11.35616,1,1,1
2.024061,11,0,6.046101,1,0,0
2.013246,11,0,13.97967,0,1,1
2.053891,13,0,5.923146,0,0,0
.8008547,13,0,.4149807,0,1,0
,15,0,10.47912,1,1,0
2.745498,14,0,6.569253,0,0,0
,11,0,14.99358,0,0,1
,16,1,2.207763,1,0,0
1.63798,15,0,0,1,1,0
1.941602,10,0,4.941649,1,1,0
2.244941,12,0,1.912222,1,1,0
1.883515,8,0,0,1,0,0
,15,0,9.221255,1,1,0
2.112117,12,0,7.524641,1,1,0
2.342151,14,0,1.179435,1,1,0
1.275001,6,0,0,1,0,0
2.243573,13,0,2.787345,0,1,0
.9457633,14,0,5.533781,1,0,0
2.421582,11,0,8.05443,1,0,0
1.549603,14,0,2.081992,0,0,0
1.116649,9,0,3.164735,1,1,0
,17,1,8.991428,1,0,0
,14,0,23.59536,1,0,1
,15,0,14.39317,1,1,1
,16,1,2.813364,1,0,0
1.734001,9,0,9.594368,1,1,1
2.467069,9,0,.9777805,1,0,0
,16,1,10.7449,1,0,0
1.964512,9,0,12.95306,0,1,1
,12,0,9.330321,1,1,0
1.189501,12,0,0,1,1,0
1.416981,10,0,.8038053,0,1,0
1.464155,13,0,4.218493,1,0,0
1.238003,13,0,8.518543,0,1,0
,15,0,4.401383,1,1,0
1.575746,16,1,3.445487,0,0,0
1.787962,12,0,0,0,1,0
2.062879,12,0,4.588818,1,1,0
2.311096,7,0,14.90313,1,0,1
,14,0,13.47394,1,0,1
,12,0,10.29836,1,0,1
.9711113,16,1,2.814982,1,1,0
.0639732,11,0,6.85127,0,0,0
2.416611,13,0,7.055373,1,1,0
.9257824,10,0,11.43223,0,0,1
2.267008,9,0,11.5871,0,1,1
1.27493,12,0,1.807086,0,0,0
1.743107,9,0,1.624482,1,0,0
,16,1,3.252625,1,1,0
,17,1,1.318808,1,1,0
1.72354,12,0,8.084346,1,1,0
,16,1,9.59673,0,0,0
1.307609,12,0,5.675029,0,0,0
1.545214,15,0,.8421012,1,0,0
,14,0,9.794379,0,0,0
,13,0,10.82029,1,1,1
1.480676,13,0,7.204598,1,1,0
2.161796,10,0,11.21602,1,0,1
2.359809,14,0,3.433378,0,1,0
2.446414,7,0,11.27082,0,0,1
2.152974,9,0,4.25292,1,0,0
1.754632,11,0,0,1,0,0
,13,0,13.28359,1,1,1
2.703466,9,0,3.996353,1,0,0
,10,0,12.66162,1,0,1
1.287373,12,0,9.266398,0,0,0
,14,0,13.3607,1,1,1
,13,0,16.30859,1,0,1
1.947193,15,0,0,1,0,0
,15,0,9.858397,0,1,0
,15,0,7.421156,1,0,0
2.320959,16,1,0,0,1,0
2.410581,11,0,4.664759,1,0,0
,16,1,4.626377,1,1,0
1.940151,15,0,0,1,1,0
1.640078,16,1,0,0,0,0
2.383445,17,1,0,0,0,0
1.669499,12,0,5.501641,1,1,0
1.945432,13,0,0,1,0,0
1.875516,10,0,11.40445,0,1,1
1.70989,10,0,1.947376,0,0,0
1.623767,12,0,5.362605,1,0,0
,15,0,5.812833,1,1,0
1.277467,11,0,11.63183,1,1,1
1.992911,9,0,2.227588,1,0,0
,12,0,11.63568,0,0,1
2.128023,15,0,0,0,1,0
,14,0,9.959413,0,1,0
1.046781,12,0,0,1,1,0
1.645095,15,0,.25692,0,1,0
2.176016,9,0,12.9584,0,1,1
.8338093,6,0,3.793523,1,0,0
2.35595,14,0,3.814584,1,1,0
2.305263,14,0,4.694087,1,0,0
2.706338,13,0,4.428985,1,0,0
2.907487,16,1,1.403206,0,0,0
2.637918,11,0,3.929116,1,0,0
2.584785,13,0,4.683378,0,0,0
.6372101,10,0,1.582208,1,1,0
,14,0,22.90774,0,0,1
1.014962,8,0,4.036808,1,0,0
2.324131,9,0,4.882317,0,0,0
2.006107,11,0,0,1,0,0
1.127233,10,0,8.004097,1,0,0
,18,1,6.501043,1,1,0
,15,0,10.66272,1,0,0
1.906163,10,0,7.915666,1,0,0
,13,0,9.110657,1,0,0
1.717003,12,0,10.60075,0,1,1
2.630298,10,0,4.654047,0,0,0
,14,0,9.220945,0,0,0
1.092598,13,0,7.086222,0,1,0
,15,0,12.84091,0,0,1
2.432683,12,0,0,1,1,0
,11,0,16.39199,1,1,1
,11,0,11.98967,1,1,1
1.706299,14,0,2.621815,0,0,0
2.199092,13,0,1.775931,1,1,0
,13,0,13.27269,1,1,1
2.352395,14,0,.6950682,1,1,0
,15,0,6.102813,1,0,0
2.081724,8,0,.8316282,1,0,0
2.177502,10,0,0,0,0,0
1.00843,11,0,7.378676,1,1,0
,14,0,11.63425,0,0,1
1.334467,11,0,5.332192,0,0,0
1.370035,18,1,4.024915,0,1,0
,17,1,13.09817,1,1,1
2.455112,12,0,1.770459,1,0,0
2.044968,14,0,5.517753,0,0,0
2.259286,12,0,5.292409,0,0,0
.851206,13,0,0,1,0,0
1.318865,10,0,3.480924,0,0,0
1.989724,9,0,6.70879,1,0,0
2.633523,12,0,9.128545,0,1,1
1.547906,14,0,8.729752,0,0,0
2.171433,10,0,7.773942,0,1,0
,16,1,9.288846,0,0,0
1.16766,11,0,10.01121,1,0,1
1.990542,11,0,10.07417,0,0,1
1.789846,12,0,0,1,0,0
.6812726,14,0,10.44048,0,0,0
1.416507,11,0,5.989597,1,1,0
2.226586,7,0,5.785306,0,0,0
.9994633,12,0,8.867659,1,0,0
,14,0,14.18575,1,0,1
,15,0,16.29727,1,1,1
1.323602,14,0,6.07927,1,0,0
1.759345,13,0,.9640379,1,0,0
-.0330928,10,0,9.06827,0,0,0
2.254853,10,0,5.346066,1,1,0
.7109895,9,0,7.588891,1,0,0
1.524071,13,0,7.317588,1,0,0
2.220014,12,0,8.193866,1,1,0
2.134157,14,0,0,1,0,0
1.498093,13,0,7.02633,0,1,0
,17,1,1.803541,1,0,0
1.576578,12,0,2.119578,0,1,0
1.832255,12,0,4.10364,0,1,0
1.839375,10,0,8.267673,0,0,0
,14,0,10.07132,1,0,0
,14,0,12.10478,1,0,1
2.090741,13,0,5.512561,1,1,0
1.28683,10,0,5.288757,1,0,0
1.961242,10,0,11.02549,0,1,1
,16,1,9.449419,1,1,0
2.069873,15,0,2.586409,1,1,0
,12,0,14.75498,1,0,1
,16,1,0,1,0,0
,12,0,14.67385,0,0,1
2.229672,8,0,0,1,1,0
,11,0,11.70966,1,0,1
,12,0,12.11409,1,0,1
,11,0,12.85155,1,0,1
,15,0,9.631634,1,0,0
2.177413,14,0,0,1,1,0
,13,0,15.58871,0,1,1
,14,0,8.663878,1,0,0
2.061391,10,0,2.663187,0,0,0
1.388822,14,0,0,1,0,0
,14,0,5.957799,1,0,0
1.169675,7,0,5.967087,0,0,0
,15,0,8.15243,0,0,0
2.087324,11,0,9.302871,0,1,1
,16,1,8.99402,1,0,0
2.060344,10,0,4.64991,0,0,0
1.917289,12,0,2.220315,1,0,0
.6587837,12,0,0,1,0,0
1.632115,14,0,0,1,0,0
3.152832,12,0,0,1,1,0
2.215701,15,0,0,1,1,0
1.543598,15,0,4.664795,1,1,0
1.989256,11,0,8.908578,1,0,0
,16,1,6.722313,1,1,0
,16,1,5.271,1,0,0
1.042145,11,0,13.58872,0,0,1
1.768173,14,0,4.460043,1,0,0
1.69486,12,0,6.770675,1,1,0
1.115185,14,0,4.85855,1,1,0
,13,0,15.99282,0,1,1
.1289969,8,0,0,0,1,0
,13,0,14.98353,1,0,1
-.343967,10,0,2.225312,0,1,0
2.489697,8,0,16.919,0,0,1
1.499279,11,0,9.680368,1,1,1
.9941823,8,0,10.41949,0,0,1
,18,1,0,1,0,0
2.166394,12,0,5.406394,1,1,0
.6199559,9,0,10.7738,0,0,1
1.346957,9,0,7.216283,1,0,0
,11,0,14.74139,1,0,1
1.128408,9,0,3.8494,1,0,0
,17,1,5.636353,0,0,0
2.009318,15,0,.419563,1,0,0
2.416435,10,0,5.665743,1,1,0
1.612638,13,0,7.114274,0,0,0
,13,0,7.33996,1,0,0
1.816729,14,0,3.592865,1,0,0
1.336922,14,0,7.991101,0,0,0
.2577586,7,0,2.782579,1,1,0
.9245027,12,0,4.493505,1,0,0
,12,0,16.90203,0,0,1
2.406299,13,0,6.032609,1,0,0
.8225508,13,0,11.15381,0,1,1
.9850212,9,0,2.345294,1,0,0
1.141451,9,0,13.45472,1,1,1
1.619967,15,0,7.391367,0,1,0
,9,0,15.56235,1,0,1
1.639244,14,0,3.266723,1,1,0
,15,0,8.871604,0,1,0
2.180228,14,0,3.465297,1,0,0
,13,0,16.74459,1,1,1
.2115519,12,0,6.966111,1,0,0
,15,0,6.763726,1,0,0
.9569721,9,0,0,1,1,0
,14,0,11.97663,0,0,0
,17,1,10.05537,1,1,0
1.433893,14,0,2.461925,0,1,0
1.446319,9,0,12.40468,0,1,1
,14,0,18.86221,0,0,1
.5855624,12,0,6.955603,1,0,0
2.368267,8,0,12.91596,1,0,1
1.194304,9,0,12.28562,1,1,1
1.890424,13,0,0,1,0,0
.8327515,9,0,15.83746,0,1,1
.792227,15,0,2.965761,0,0,0
.5927195,13,0,2.259926,1,0,0
1.49225,13,0,.9369245,1,1,0
1.593603,11,0,6.201007,0,0,0
2.593971,13,0,6.093959,1,0,0
,12,0,14.63645,1,0,1
1.687827,14,0,0,1,0,0
2.732269,13,0,7.561685,0,1,0
,16,1,9.356035,1,1,0
.992487,6,0,1.829294,1,0,0
1.126294,12,0,3.199108,1,0,0
,15,0,11.27542,0,1,1
1.953218,15,0,3.311112,0,1,0
1.38562,10,0,0,1,1,0
,11,0,15.06002,0,0,1
1.465526,9,0,4.260802,0,0,0
2.948371,14,0,3.8969,0,1,0
,17,1,11.79861,0,1,0
2.470642,11,0,4.141698,1,0,0
2.469086,15,0,2.56932,0,1,0
2.37798,10,0,2.185153,1,1,0
2.433015,8,0,10.8915,1,0,1
1.842234,10,0,5.344868,1,0,0
1.859922,9,0,3.375515,1,1,0
.8969588,11,0,.787802,1,0,0
,16,1,13.13591,1,0,1
2.961657,13,0,6.944842,0,1,0
1.745426,14,0,0,0,1,0
2.762497,12,0,7.692521,1,1,0
,14,0,10.13955,1,1,0
,16,1,11.72178,0,1,0
1.766454,12,0,6.306155,1,1,0
2.246927,14,0,3.498233,0,1,0
.4262285,5,0,4.704277,1,1,0
1.072026,12,0,9.034321,1,0,0
,17,1,6.214211,0,1,0
1.717692,14,0,3.947124,1,0,0
2.135192,12,0,.5516409,1,0,0
.362911,11,0,11.09536,1,0,1
1.647623,12,0,3.634855,1,1,0
1.623177,9,0,5.405771,0,1,0
1.377576,9,0,0,0,1,0
-.1546123,8,0,0,1,1,0
1.848487,10,0,6.763058,1,1,0
1.756125,11,0,11.03297,1,1,1
,15,0,11.32465,0,1,1
1.50996,11,0,0,1,0,0
3.262703,12,0,2.739724,1,1,0
2.226263,11,0,4.64528,1,1,0
,16,1,7.015832,0,1,0
2.447788,6,0,12.35744,0,1,1
2.395511,13,0,4.67312,0,1,0
2.770963,13,0,3.715619,1,0,0
1.690778,9,0,14.46559,1,1,1
2.021122,13,0,1.18672,1,0,0
,13,0,10.62032,1,1,0
1.197356,12,0,3.706618,1,0,0
,15,0,11.09177,1,0,1
2.414153,9,0,12.36892,1,0,1
1.995617,12,0,6.553629,1,0,0
2.217501,11,0,5.066542,0,1,0
.0786413,7,0,7.272505,1,0,0
,12,0,17.37023,0,0,1
,16,1,11.99886,1,1,1
1.497011,14,0,1.098426,1,1,0
,18,1,3.636127,1,1,0
1.632001,13,0,0,1,0,0
,14,0,15.11533,1,0,1
1.893272,12,0,0,0,1,0
1.467243,8,0,6.051047,0,0,0
.9562933,14,0,0,1,0,0
,12,0,12.22289,1,0,1
,15,0,7.688339,1,0,0
,16,1,8.317832,1,1,0
1.43921,9,0,8.093315,1,1,1
2.953121,11,0,5.167687,0,1,0
1.503079,12,0,6.628485,1,0,0
-.4874285,11,0,.029196,0,1,0
.1210742,11,0,6.480147,0,0,0
,11,0,9.848767,1,0,1
1.624053,14,0,3.497628,1,1,0
,16,1,6.137412,0,1,0
2.707828,12,0,2.322128,1,1,0
1.830442,13,0,1.623703,1,0,0
2.382236,11,0,8.437708,1,0,0
,14,0,5.597396,1,1,0
1.959099,12,0,7.605284,1,0,0
1.403252,11,0,3.381892,0,0,0
1.460497,12,0,.7639147,1,0,0
1.813804,12,0,6.857008,0,0,0
,17,1,13.34973,1,1,1
,14,0,10.17474,1,0,0
,15,0,4.125657,1,1,0
2.072447,12,0,1.106397,1,0,0
2.493057,7,0,7.655873,1,1,1
,12,0,16.15604,1,0,1
2.298132,12,0,8.675621,0,1,0
,13,0,10.0638,1,0,0
.7837722,11,0,2.802785,0,0,0
1.627864,12,0,4.574908,1,1,0
1.016348,13,0,5.602849,1,0,0
1.869485,15,0,1.18491,1,1,0
,15,0,8.721535,1,0,0
2.710057,12,0,7.342196,1,1,0
.778434,14,0,2.794815,1,0,0
,15,0,11.41137,0,0,1
,9,0,14.35105,1,0,1
2.286331,11,0,0,1,0,0
1.763376,9,0,0,1,0,0
2.045234,14,0,0,1,0,0
1.852045,8,0,8.071777,1,0,0
2.55134,14,0,5.492502,0,0,0
1.373813,14,0,3.778018,0,1,0
2.310723,10,0,8.882281,1,0,1
2.536801,12,0,6.829226,1,0,0
,15,0,11.77884,1,1,1
1.551167,10,0,2.32275,0,0,0
,11,0,12.81248,1,0,1
1.062955,14,0,1.765991,1,0,0
2.083796,11,0,13.59231,0,0,1
.2194255,11,0,2.53767,1,0,0
2.640979,12,0,0,0,0,0
1.382881,12,0,5.900548,0,0,0
,16,1,2.375829,1,1,0
,15,0,17.75286,1,1,1
.9416485,12,0,3.069342,0,0,0
1.768044,16,1,6.343411,0,1,0
2.162085,17,1,2.283815,0,1,0
1.119284,14,0,1.218616,1,1,0
2.019087,18,1,0,0,0,0
1.048593,10,0,6.788663,1,0,0
.4992311,10,0,0,0,0,0
1.744918,13,0,6.347015,1,0,0
.8919564,7,0,10.19877,1,1,1
1.688928,10,0,3.936877,1,0,0
1.751353,9,0,3.329226,1,1,0
2.598465,12,0,2.083904,1,0,0
1.101946,11,0,8.314251,0,0,0
1.49041,13,0,3.464,0,0,0
1.836097,9,0,0,1,0,0
2.167989,13,0,1.432739,0,0,0
1.749316,14,0,0,0,1,0
1.62242,12,0,1.773529,0,0,0
1.715324,13,0,6.433259,1,0,0
1.155873,10,0,.3390528,1,1,0
,15,0,10.76112,1,1,1
2.19776,13,0,6.070502,0,0,0
1.988343,13,0,2.24801,1,0,0
2.320291,12,0,4.100496,1,1,0
1.176158,12,0,2.425667,0,0,0
,14,0,8.721233,1,0,0
2.032653,11,0,3.746507,1,1,0
3.301834,14,0,0,1,1,0
,16,1,7.400913,1,0,0
,14,0,16.47613,0,1,1
1.639317,9,0,13.1909,0,0,1
,13,0,12.38946,1,0,1
2.005723,9,0,8.884952,0,0,1
2.366022,17,1,0,0,0,0
1.726564,9,0,0,0,0,0
.9497085,11,0,0,1,0,0
2.998023,15,0,0,1,1,0
1.077885,9,0,0,1,1,0
2.674237,12,0,4.588759,1,0,0
1.988293,11,0,3.574593,1,1,0
1.164445,10,0,6.856026,1,1,0
1.159775,12,0,7.928086,1,0,0
,14,0,13.36173,1,0,1
1.764999,11,0,10.17512,1,1,1
2.058436,8,0,2.03686,0,0,0
,15,0,9.557358,1,0,0
2.46527,14,0,1.868024,1,0,0
1.084305,12,0,2.149046,1,0,0
,14,0,9.86178,1,1,0
1.624559,12,0,7.621025,1,0,0
2.119984,12,0,0,1,1,0
2.170168,11,0,2.48674,1,0,0
,14,0,7.976559,1,0,0
1.712324,11,0,9.038318,1,0,0
,15,0,11.98936,0,0,1
,11,0,9.976915,1,0,1
,12,0,14.64324,0,0,1
.6366709,13,0,2.093685,1,1,0
1.442043,10,0,2.161035,1,1,0
1.2124,12,0,2.809518,1,0,0
2.044345,9,0,15.81692,0,1,1
2.128551,13,0,3.302762,1,0,0
,11,0,13.75611,1,0,1
1.19734,12,0,2.535205,1,1,0
,15,0,7.137277,1,0,0
2.264888,12,0,4.555037,1,0,0
.6207507,7,0,3.269145,0,1,0
.3427486,6,0,7.093936,1,1,1
,13,0,5.775093,1,0,0
.6573511,10,0,2.108025,0,0,0
2.543621,15,0,4.110489,0,0,0
1.948516,10,0,12.65957,0,0,1
,18,1,11.53492,1,0,0
1.183706,10,0,5.806213,0,1,0
.9367988,13,0,4.801734,1,0,0
,16,1,2.511301,1,0,0
1.576871,9,0,5.935042,0,0,0
1.266352,13,0,2.187744,1,0,0
,14,0,8.450173,1,1,0
.9426951,15,0,3.146957,0,0,0
1.503739,11,0,8.728902,0,0,0
2.023594,13,0,2.32189,1,1,0
1.34125,12,0,3.803703,1,0,0
,15,0,5.753359,1,0,0
,18,1,5.655448,1,0,0
1.857092,14,0,0,1,0,0
2.302336,11,0,8.927811,1,1,0
,17,1,16.2486,1,1,1
2.106683,13,0,0,1,0,0
.5055361,12,0,8.030067,0,1,0
,16,1,7.306986,1,1,0
1.904448,12,0,4.679666,1,1,0
1.572074,14,0,.3637645,1,0,0
1.391104,12,0,0,1,1,0
,13,0,6.594425,1,0,0
1.998448,10,0,5.772599,1,1,0
-.5754484,11,0,0,0,1,0
,9,0,25,1,0,1
,13,0,11.91392,1,0,1
,14,0,8.410003,1,0,0
,17,1,10.46235,0,1,0
,11,0,13.23682,1,1,1
,15,0,12.85166,1,0,1
,16,1,4.083896,1,0,0
2.235727,11,0,13.55102,0,1,1
1.816909,13,0,5.028161,1,0,0
2.118318,8,0,5.084699,0,1,0
,13,0,11.31669,1,0,1
2.39088,14,0,0,1,0,0
,14,0,9.313681,1,1,0
,15,0,21.41065,1,0,1
,15,0,17.16062,1,1,1
2.27898,14,0,9.720922,0,1,0
,15,0,4.86173,1,1,0
,13,0,12.52531,1,0,1
1.800716,11,0,0,0,1,0
1.216594,11,0,0,1,0,0
.7228457,15,0,3.330411,1,1,0
1.983725,14,0,5.179433,1,1,0
,15,0,4.573895,1,0,0
1.244353,13,0,2.149267,0,0,0
1.614095,12,0,5.968822,1,1,0
.3132407,12,0,.4522363,1,1,0
,10,0,15.12569,1,0,1
1.940294,9,0,4.417945,1,1,0
1.687572,11,0,0,1,1,0
,17,1,14.0103,1,1,1
1.785992,16,1,1.311191,1,0,0
.7917359,6,0,4.179236,0,0,0
1.210712,12,0,0,1,0,0
,12,0,15.6099,0,0,1
,12,0,21.11217,0,1,1
1.919336,15,0,0,1,1,0
,17,1,4.37113,1,1,0
1.81362,10,0,1.096735,1,0,0
1.835172,11,0,2.021502,0,1,0
1.269237,11,0,8.396099,0,0,0
,15,0,10.05831,0,0,0
,12,0,12.1072,1,0,1
1.666774,15,0,6.613955,0,1,0
1.399275,9,0,13.85077,0,0,1
.9188682,13,0,7.634005,0,1,0
1.891717,13,0,3.748201,1,1,0
1.956104,12,0,12.34164,0,0,1
1.813057,8,0,9.586734,0,0,1
2.059006,11,0,9.873917,0,1,1
1.852225,9,0,13.22683,0,1,1
1.745469,12,0,0,0,0,0
1.399073,11,0,0,1,1,0
3.46045,10,0,6.724814,1,0,0
1.417633,13,0,7.470449,1,1,0
2.108265,14,0,2.918969,1,1,0
1.136616,10,0,.3946125,1,0,0
1.347588,14,0,6.936764,1,0,0
1.314663,12,0,6.705946,0,0,0
,12,0,11.96315,1,0,1
2.216907,13,0,6.132273,0,0,0
2.268038,12,0,6.151453,0,1,0
1.265234,12,0,4.307989,1,0,0
,16,1,4.341169,1,0,0
,12,0,11.77768,1,1,1
,12,0,11.96704,1,0,1
2.158061,15,0,2.544029,0,0,0
2.768423,16,1,0,0,0,0
1.130594,6,0,0,1,0,0
.166689,11,0,2.87997,1,0,0
.7238345,8,0,0,1,0,0
1.795942,9,0,7.03012,1,0,0
,15,0,3.011878,1,1,0
1.345654,10,0,6.623034,1,0,0
,11,0,12.80618,1,1,1
3.107285,11,0,.5688552,1,0,0
,14,0,10.2015,1,0,0
1.255337,12,0,7.387272,0,0,0
,14,0,10.5199,0,0,0
,13,0,9.876901,1,0,0
,13,0,13.34363,0,1,1
1.547681,7,0,4.495773,0,0,0
1.711902,14,0,2.00614,1,0,0
.9350584,14,0,.6557095,1,0,0
1.669025,14,0,.2430565,1,1,0
,14,0,6.201851,1,0,0
.2111989,10,0,2.810647,0,1,0
,10,0,13.97501,1,1,1
,16,1,6.16903,1,1,0
,16,1,4.832716,0,0,0
1.233718,9,0,5.937449,1,0,0
,16,1,19.16155,0,0,1
1.303794,9,0,1.39988,0,0,0
.6382668,12,0,4.667504,0,0,0
,11,0,24.2762,1,0,1
3.110997,13,0,0,1,0,0
,14,0,9.077939,1,0,0
,16,1,1.25638,1,0,0
,15,0,5.186347,1,1,0
1.252244,14,0,2.615528,0,1,0
,12,0,12.28027,1,0,1
,14,0,11.07741,1,1,1
1.06659,10,0,3.754432,0,0,0
1.6748,15,0,2.612259,0,1,0
,18,1,4.441839,1,0,0
,15,0,7.052391,1,0,0
.8034537,13,0,6.051632,1,0,0
,15,0,3.496083,1,0,0
1.309478,11,0,2.214016,1,1,0
1.169765,14,0,0,1,0,0
2.276543,10,0,7.712815,0,0,0
1.2862,15,0,3.97309,1,0,0
,15,0,8.732099,1,0,0
1.388748,14,0,0,1,1,0
,14,0,15.20059,1,1,1
2.224555,14,0,2.587905,1,0,0
1.968117,8,0,9.753498,1,0,1
,16,1,7.931742,0,0,0
1.69416,15,0,7.612806,0,1,0
,15,0,8.231216,1,1,0
2.037794,11,0,4.749935,1,0,0
1.265064,11,0,14.77,0,1,1
2.834876,12,0,6.166394,1,1,0
,17,1,0,1,0,0
,14,0,13.81497,1,0,1
,14,0,11.55302,1,0,1
1.689709,13,0,.5492179,0,0,0
2.442856,11,0,3.669936,0,1,0
1.146865,9,0,6.539702,0,0,0
,15,0,17.6637,0,1,1
1.538173,9,0,0,1,0,0
2.334534,8,0,9.398188,1,1,1
,14,0,9.656461,0,0,0
,16,1,3.131035,1,0,0
,13,0,10.22669,1,0,0
,17,1,.5981924,1,1,0
.994476,11,0,0,1,0,0
1.548696,10,0,8.3503,1,0,0
,15,0,12.85346,0,1,1
.9598884,6,0,6.182702,0,0,0
1.058217,13,0,0,1,1,0
1.582397,15,0,.8198842,0,0,0
1.563936,9,0,0,1,1,0
,15,0,6.16565,1,1,0
1.452987,8,0,7.491684,1,1,0
1.708964,14,0,3.169508,0,0,0
,14,0,9.253805,1,1,0
2.184861,12,0,4.982133,1,0,0
,13,0,9.32651,1,0,0
2.718195,13,0,4.568022,0,1,0
1.103291,10,0,9.476291,0,0,1
2.515639,14,0,4.125412,0,1,0
1.146798,12,0,5.125781,1,0,0
.7051173,11,0,3.720665,0,0,0
1.056989,6,0,8.372746,0,0,1
2.038877,6,0,5.426246,1,0,0
2.185022,10,0,9.755113,1,1,1
.4111762,17,1,0,0,0,0
,18,1,0,0,1,0
,15,0,0,1,1,0
,16,1,2.060145,1,1,0
,16,1,6.367884,1,0,0
,15,0,7.026074,1,1,0
2.06053,10,0,12.4872,0,1,1
,16,1,11.96992,1,0,1
,13,0,11.19658,1,1,1
2.472537,9,0,7.132135,0,0,0
2.364222,11,0,8.793337,1,1,0
2.02477,15,0,1.096897,0,1,0
2.268836,17,1,0,0,1,0
.6741405,11,0,10.24883,1,1,1
1.732894,13,0,5.896476,1,0,0
,16,1,11.41714,1,0,0
2.009502,14,0,4.697865,1,1,0
,13,0,8.899448,1,1,0
1.170057,13,0,5.381002,1,1,0
1.965845,13,0,5.629989,0,1,0
,16,1,6.825775,1,0,0
1.611524,13,0,6.196609,1,0,0
1.361451,13,0,10.35494,1,1,0
,12,0,7.73815,1,0,0
2.113451,10,0,11.31754,1,1,1
1.832116,16,1,4.05378,0,1,0
2.489604,13,0,3.842955,0,0,0
1.79989,10,0,3.203821,1,1,0
.4649537,9,0,10.21209,1,1,1
2.952721,8,0,10.54053,1,0,1
,15,0,10.10085,1,1,0
1.41146,9,0,12.60919,1,1,1
1.519916,12,0,8.610986,0,1,0
2.773548,10,0,0,0,1,0
.8367663,12,0,1.477206,0,1,0
,16,1,11.41654,1,1,1
,12,0,10.35347,1,0,1
1.172643,12,0,12.19711,0,1,1
,16,1,10.24484,1,0,0
1.460986,11,0,3.507936,1,1,0
2.070844,16,1,2.282663,0,0,0
,17,1,10.35679,1,0,0
1.499547,8,0,7.357937,1,0,0
1.124806,14,0,7.42247,0,0,0
,16,1,5.30324,0,1,0
,11,0,15.80168,1,0,1
1.133288,6,0,9.613176,0,1,1
1.028812,9,0,5.738914,1,0,0
,14,0,11.26248,1,1,0
,18,1,9.862547,1,1,0
.8188671,12,0,6.276987,1,0,0
.672258,15,0,0,1,0,0
1.650956,14,0,0,1,1,0
1.791915,15,0,0,1,0,0
,13,0,11.80691,0,0,1
.787272,11,0,12.66296,1,1,1
-.9560669,6,0,0,1,0,0
2.362761,12,0,.2079389,1,0,0
1.931661,13,0,0,1,1,0
,18,1,0,1,0,0
2.180079,12,0,6.223067,1,1,0
,18,1,8.36165,1,0,0
2.133654,11,0,13.20323,0,0,1
2.408272,12,0,6.388648,0,1,0
,18,1,12.71708,1,1,1
1.753011,13,0,9.359139,0,1,0
1.145407,14,0,8.994643,1,1,0
2.541851,9,0,8.689528,0,0,0
.4774523,11,0,4.795428,1,0,0
1.513618,11,0,8.932299,0,0,0
2.065371,8,0,13.59203,1,1,1
,12,0,11.17518,1,1,1
1.92428,14,0,7.654786,0,1,0
2.10685,11,0,4.065026,0,0,0
,16,1,3.783029,0,1,0
,12,0,9.50577,1,0,0
.778538,12,0,3.48129,1,1,0
,15,0,11.1035,1,0,1
,12,0,10.82707,0,0,1
1.609454,12,0,11.69979,0,0,1
.9003712,12,0,13.86593,0,0,1
1.296529,12,0,0,1,1,0
,15,0,7.126575,1,0,0
1.409827,12,0,2.756341,0,0,0
1.474239,13,0,2.476756,1,0,0
.723708,14,0,10.90929,0,1,1
,17,1,1.261646,1,0,0
2.921167,11,0,8.268198,1,1,1
2.744747,12,0,4.908613,1,1,0
,14,0,4.159827,1,0,0
2.015468,11,0,0,0,0,0
1.151466,11,0,2.506126,0,1,0
2.101459,14,0,.2878261,1,0,0
,14,0,8.432355,1,0,0
1.351794,13,0,8.137028,1,0,0
1.267169,12,0,0,0,0,0
1.180731,13,0,3.709927,1,1,0
,15,0,10.2115,1,0,0
,16,1,11.28984,1,1,0
1.602406,13,0,6.850318,1,0,0
1.002368,13,0,0,0,1,0
2.431698,13,0,4.440963,1,0,0
2.48487,11,0,12.5635,0,0,1
.468568,12,0,8.926064,1,0,0
1.914066,14,0,.1579061,1,1,0
,14,0,11.53567,1,0,1
1.70321,11,0,6.428,1,0,0
2.320098,15,0,6.880463,0,1,0
,13,0,13.73399,1,0,1
1.786707,9,0,15.95888,0,0,1
1.232684,8,0,0,1,0,0
2.522012,10,0,7.48659,1,0,0
,17,1,10.84452,1,0,0
.6801009,15,0,0,0,0,0
,14,0,8.860928,1,0,0
1.748513,13,0,3.266839,1,0,0
2.512297,13,0,.1494204,1,0,0
,13,0,11.6337,0,0,1
,15,0,11.74752,1,0,1
1.308205,15,0,5.073807,1,1,0
,14,0,9.444176,1,0,0
2.017425,13,0,4.004017,0,0,0
1.10865,14,0,4.268179,1,1,0
1.631583,9,0,0,1,1,0
,14,0,12.91499,1,1,1
,17,1,9.530181,1,1,0
2.104013,8,0,6.141819,1,0,0
,15,0,11.74654,1,0,1
1.213302,13,0,7.028699,0,1,0
,10,0,15.82292,1,1,1
,12,0,10.60877,1,0,1
1.824106,11,0,2.44489,1,0,0
,14,0,10.24742,1,0,0
1.123637,13,0,0,1,0,0
2.08497,16,1,2.525848,0,0,0
,13,0,15.1293,0,1,1
1.269037,12,0,3.863892,1,0,0
2.370262,8,0,16.6105,0,0,1
,15,0,3.785513,1,1,0
,12,0,12.79175,1,1,1
1.445779,11,0,.3165734,1,1,0
,11,0,11.2172,1,0,1
2.090333,11,0,0,1,1,0
2.300445,11,0,3.5054,0,1,0
.9245926,13,0,2.11799,1,0,0
1.080583,9,0,0,0,1,0
1.616961,10,0,9.664898,0,1,1
.5381897,11,0,0,0,0,0
1.196566,11,0,2.763809,1,0,0
.2687022,10,0,4.262444,1,1,0
.2712276,8,0,4.52045,1,0,0
1.897511,16,1,.0804475,1,0,0
.7137638,10,0,5.636003,1,0,0
.8546624,11,0,12.27909,1,1,1
.7038823,11,0,3.247565,0,0,0
,12,0,8.664435,1,0,0
1.844656,15,0,0,1,0,0
1.633643,14,0,5.496609,1,1,0
,17,1,4.938099,1,0,0
1.60563,10,0,14.35261,0,0,1
1.618874,9,0,2.890225,0,0,0
2.353699,14,0,2.386533,1,0,0
.3414715,8,0,12.43589,1,0,1
2.938169,13,0,8.198957,0,0,0
3.375803,15,0,0,0,0,0
,13,0,9.952981,1,0,0
,16,1,.643948,1,0,0
1.596862,15,0,2.343122,1,1,0
.2228504,10,0,14.36235,0,1,1
1.978451,12,0,4.96688,1,0,0
1.00762,12,0,0,1,1,0
1.250523,13,0,3.400952,1,0,0
,13,0,2.474118,1,0,0
.2120817,12,0,6.412499,1,0,0
1.888607,14,0,1.684627,1,1,0
1.043486,13,0,9.836209,1,0,0
,13,0,6.813256,1,1,0
1.709454,11,0,2.461236,1,0,0
2.388394,11,0,5.112818,0,0,0
1.248075,14,0,10.91816,0,0,0
1.98436,15,0,3.06417,1,1,0
1.511044,12,0,2.499389,0,1,0
1.740864,13,0,1.512362,0,0,0
1.945345,10,0,0,0,1,0
2.192046,15,0,3.301544,0,0,0
2.197901,10,0,5.878963,1,1,0
2.776249,14,0,1.878858,0,0,0
,14,0,14.70004,0,1,1
,15,0,15.6428,1,0,1
.2070021,9,0,13.4128,0,0,1
2.046087,15,0,3.582921,1,0,0
.7549151,12,0,0,0,1,0
,14,0,11.17833,0,1,1
,16,1,0,1,1,0
2.765725,12,0,4.372568,0,1,0
1.299364,13,0,9.43464,1,1,0
,12,0,16.40564,1,0,1
1.313096,13,0,7.144256,1,0,0
,13,0,6.803933,1,1,0
1.773479,11,0,0,0,1,0
,18,1,8.290922,1,0,0
,17,1,5.314995,0,0,0
,16,1,3.551109,1,0,0
1.348673,12,0,9.151833,1,1,0
1.25925,12,0,1.675269,1,1,0
2.55058,14,0,0,1,1,0
2.136015,13,0,3.241469,1,0,0
,16,1,7.252959,1,0,0
2.07455,13,0,3.875539,1,1,0
.2521991,12,0,0,0,1,0
,15,0,6.429428,1,1,0
1.85359,12,0,8.395873,1,1,0
1.167004,12,0,6.057081,1,0,0
,13,0,8.393322,1,0,0
,12,0,15.29172,0,0,1
,12,0,8.348239,1,1,0
1.284533,12,0,6.166808,1,0,0
,13,0,10.25543,1,0,1
1.96678,14,0,0,0,0,0
2.538526,17,1,0,0,0,0
1.909523,13,0,0,1,0,0
2.098114,12,0,2.876978,0,1,0
2.43875,14,0,8.01987,0,1,0
,16,1,11.21212,1,0,0
2.176351,13,0,5.526734,1,1,0
,16,1,6.301062,1,0,0
,13,0,16.84627,1,1,1
,14,0,11.44231,1,0,0
2.212655,11,0,6.998227,1,0,0
1.937923,14,0,2.611925,0,1,0
1.474948,16,1,0,1,0,0
,18,1,6.042446,1,0,0
1.796847,12,0,2.691625,0,0,0
,16,1,16.74243,1,0,1
1.91018,10,0,10.36947,0,0,1
1.755124,8,0,0,1,1,0
,17,1,4.869611,1,0,0
1.480675,13,0,9.725548,1,1,0
,11,0,13.7128,1,0,1
,12,0,13.17529,1,0,1
2.297756,14,0,2.450761,0,1,0
.5634812,13,0,2.717491,1,1,0
,11,0,15.7176,1,1,1
1.928608,12,0,2.92773,1,1,0
,13,0,11.36279,0,1,1
,13,0,7.360631,1,0,0
2.009991,9,0,4.556545,1,0,0
,15,0,7.44842,1,0,0
1.957743,14,0,9.304777,0,1,0
,11,0,11.54522,1,1,1
,14,0,9.274304,1,0,0
1.047246,12,0,0,1,1,0
2.321684,14,0,8.999331,0,1,0
,11,0,14.62059,0,0,1
.8788131,12,0,10.77021,0,0,1
1.543865,10,0,10.40908,1,1,1
.826542,10,0,5.657646,1,0,0
2.356303,13,0,7.12498,0,0,0
,17,1,9.248107,0,1,0
,13,0,7.444975,1,0,0
2.205551,13,0,7.268849,1,1,0
1.168359,11,0,14.6275,0,1,1
1.575125,14,0,2.848657,1,1,0
1.934716,15,0,5.730185,0,1,0
1.573128,9,0,9.183341,1,1,1
.4432702,11,0,1.893745,0,0,0
2.498408,10,0,11.01395,1,1,1
2.690038,14,0,.6675171,0,1,0
2.290405,10,0,0,1,1,0
1.279861,12,0,1.89545,1,1,0
-.3651097,8,0,3.780656,1,1,0
,16,1,3.863652,1,1,0
2.299721,13,0,5.919983,0,1,0
1.834232,14,0,2.022099,1,0,0
,17,1,10.46981,0,0,0
1.057553,11,0,0,1,1,0
3.074499,12,0,9.790491,0,0,0
.3271812,10,0,0,0,1,0
1.21608,9,0,2.980263,1,1,0
1.740634,7,0,.7881263,1,1,0
2.048251,15,0,7.226719,0,1,0
.8524249,11,0,0,0,0,0
1.373289,16,1,2.496789,0,1,0
1.995167,11,0,7.485819,0,1,0
2.416022,9,0,16.74066,0,1,1
1.376244,12,0,.1070282,1,0,0
,13,0,21.60832,0,0,1
,12,0,16.41888,1,1,1
1.92577,13,0,8.330039,1,1,0
1.958697,12,0,0,1,0,0
2.208669,10,0,9.902418,0,0,1
,15,0,11.90347,1,1,1
2.15405,14,0,0,0,1,0
2.1846,13,0,.9646247,0,0,0
.8272471,12,0,8.244431,1,0,0
,10,0,13.38733,1,1,1
2.242489,8,0,10.24963,1,0,1
2.123464,13,0,7.442554,0,0,0
2.449517,10,0,9.184466,1,0,1
1.717992,13,0,4.350395,1,0,0
3.351103,14,0,3.783334,0,0,0
,10,0,16.10526,1,0,1
.5822464,11,0,7.196005,1,0,0
1.2428,13,0,8.276726,0,1,0
.7066489,15,0,8.560588,0,1,0
,13,0,13.11408,0,0,1
2.056626,10,0,13.29317,0,0,1
1.080514,12,0,8.020711,1,0,0
.6126583,13,0,0,1,0,0
2.072126,11,0,2.969572,1,0,0
1.942345,14,0,6.988476,0,0,0
1.445653,6,0,10.17968,1,0,1
.6248677,12,0,5.582767,0,0,0
.6776647,16,1,0,1,1,0
3.019343,10,0,6.977017,1,0,0
,14,0,11.37036,1,1,1
2.212343,12,0,10.58417,0,1,1
1.776285,10,0,.6342469,1,0,0
2.398149,14,0,.6339485,0,1,0
1.312682,15,0,3.496532,1,0,0
2.176908,14,0,2.248711,1,0,0
1.300854,14,0,6.754983,1,1,0
,13,0,14.69456,0,0,1
1.312257,13,0,0,1,0,0
.2033124,8,0,0,0,1,0
.0055102,8,0,6.33429,1,0,0
,13,0,10.0098,1,1,1
2.443834,13,0,3.563488,1,1,0
1.474744,13,0,8.456668,1,1,0
.0427087,7,0,1.734253,1,0,0
1.367127,10,0,17.63653,0,0,1
.8979265,11,0,0,1,0,0
,15,0,3.087241,1,0,0
,14,0,8.494661,1,0,0
.0113602,14,0,0,0,0,0
2.808198,15,0,0,1,1,0
,11,0,11.97973,1,0,1
1.178319,10,0,4.213293,1,1,0
1.702344,11,0,8.55579,0,0,0
,15,0,13.8232,1,0,1
1.454004,14,0,5.749325,1,0,0
1.744813,9,0,9.504821,1,0,1
.8357267,14,0,0,1,0,0
1.707779,11,0,2.695177,1,0,0
2.662187,14,0,1.938169,1,0,0
1.160524,12,0,2.503265,1,1,0
1.685621,11,0,0,1,0,0
2.585236,12,0,1.82871,0,1,0
1.453429,10,0,3.163755,1,1,0
1.944338,9,0,14.7146,1,1,1
.5238247,10,0,5.39867,1,0,0
.8399991,14,0,6.391755,1,0,0
,15,0,11.96401,1,0,0
1.369615,12,0,1.682975,0,1,0
,14,0,9.281508,1,0,0
,18,1,.1527715,1,0,0
,13,0,14.7725,1,1,1
.6470448,14,0,0,0,0,0
1.594591,13,0,10.1616,0,1,0
1.175961,8,0,12.71717,1,0,1
.8177393,8,0,8.377965,1,0,1
.5604112,11,0,6.646338,0,0,0
1.805089,11,0,6.531143,1,0,0
.8840083,8,0,3.115451,1,0,0
.9013836,11,0,.1115663,0,0,0
2.20364,12,0,4.085986,1,0,0
1.627417,14,0,0,1,0,0
,12,0,13.94791,1,1,1
1.799802,11,0,.8216501,1,1,0
1.497339,14,0,5.875867,1,1,0
2.338039,9,0,7.548599,1,0,0
1.448445,9,0,13.58737,0,1,1
1.562036,14,0,5.707228,1,1,0
2.473679,14,0,5.038414,0,1,0
.0210967,14,0,0,1,0,0
.6780834,11,0,7.093887,1,1,0
2.205633,10,0,8.878753,1,0,1
,18,1,9.370343,1,1,0
1.692008,13,0,0,1,0,0
,15,0,11.03829,1,1,1
,16,1,5.75906,1,0,0
,16,1,7.2707,1,0,0
,11,0,11.68564,1,1,1
,14,0,9.638071,1,0,0
1.371723,11,0,3.534016,1,0,0
1.790149,11,0,5.809764,0,0,0
1.968354,14,0,0,0,1,0
1.123831,14,0,0,0,1,0
,16,1,3.866501,1,0,0
,18,1,0,0,0,0
,14,0,6.545753,1,0,0
3.51853,15,0,3.11431,0,0,0
,15,0,5.881777,1,0,0
2.370483,12,0,3.326499,0,0,0
.6425599,12,0,6.735048,0,0,0
.5405012,11,0,2.285132,1,0,0
,14,0,9.169514,1,0,0
1.258163,12,0,3.291587,0,1,0
1.294454,11,0,10.00061,1,1,1
1.217178,15,0,9.456359,0,1,0
,10,0,20.03926,1,1,1
1.32742,12,0,3.824749,1,0,0
,15,0,3.949603,1,1,0
,17,1,7.188151,0,1,0
.9731648,13,0,10.23823,0,1,1
,16,1,4.486822,1,0,0
1.510826,11,0,9.471641,1,0,1
,15,0,14.04959,0,1,1
,13,0,10.55986,1,0,1
,18,1,.0158187,0,0,0
1.832898,13,0,3.781113,1,0,0
,10,0,16.49127,1,0,1
.1888129,12,0,0,1,0,0
1.191862,13,0,2.304457,1,1,0
1.057029,11,0,11.52877,1,1,1
1.10306,13,0,7.78929,1,1,0
,13,0,7.882273,1,1,0
1.558239,14,0,2.713439,1,0,0
2.116039,12,0,7.101387,1,1,0
,13,0,9.667388,1,1,0
2.336995,12,0,3.201649,1,1,0
1.122015,10,0,8.139254,0,0,0
,15,0,8.087918,1,0,0
1.434905,14,0,7.182883,0,0,0
,12,0,13.68678,0,0,1
1.478519,16,1,0,0,1,0
2.079579,11,0,9.65692,0,0,1
,15,0,6.683291,1,0,0
1.349079,10,0,5.997337,1,1,0
1.704363,10,0,6.300252,1,0,0
2.142805,11,0,0,0,0,0
1.801092,12,0,5.457739,1,1,0
,13,0,8.599665,1,1,0
.2404135,11,0,15.97175,1,1,1
1.850781,14,0,4.292785,0,1,0
,13,0,9.009204,1,0,0
2.224147,10,0,3.500041,0,0,0
,13,0,11.23392,1,0,0
1.340685,13,0,2.676056,0,1,0
2.288909,13,0,0,1,1,0
1.091484,12,0,6.954669,0,0,0
,14,0,16.29033,0,0,1
.7867145,13,0,4.630861,1,0,0
1.067495,12,0,1.356354,0,1,0
.9292843,13,0,5.066011,1,0,0
1.392619,12,0,3.254378,0,1,0
1.198498,10,0,9.028146,0,0,0
1.042996,14,0,4.761105,1,0,0
,13,0,12.54152,0,1,1
1.495288,9,0,0,0,1,0
,12,0,6.712605,1,1,0
.473774,11,0,0,1,0,0
,16,1,.4700424,1,0,0
2.267496,13,0,5.97144,0,1,0
2.914205,10,0,4.969477,1,1,0
,15,0,9.921618,1,0,0
,14,0,13.22945,1,1,1
1.011475,12,0,5.757674,1,1,0
,11,0,16.17853,1,0,1
.4477248,9,0,0,0,0,0
,15,0,5.642923,1,0,0
2.320553,14,0,5.39483,1,1,0
,15,0,12.41599,1,1,1
,13,0,15.56855,1,1,1
1.732641,11,0,0,0,0,0
2.472867,15,0,.9602528,1,0,0
,15,0,15.73989,1,0,1
,11,0,14.14795,0,1,1
1.356688,12,0,7.624487,1,0,0
2.60427,12,0,6.602874,1,1,0
1.941266,11,0,0,1,1,0
.9814577,7,0,0,0,0,0
.8092217,10,0,.1165022,0,0,0
2.187237,11,0,8.954987,0,0,0
1.93353,13,0,5.26258,0,0,0
2.693107,10,0,10.54087,0,0,1
1.859833,14,0,2.687586,1,0,0
1.995238,13,0,9.405556,0,1,0
,13,0,10.67311,1,0,0
,14,0,6.933404,1,1,0
,13,0,13.91123,1,0,1
1.876892,9,0,0,1,0,0
,16,1,3.819275,1,1,0
,15,0,5.8038,1,1,0
2.378408,13,0,9.041023,0,1,0
2.171249,13,0,1.68683,1,1,0
2.791198,8,0,2.47341,1,1,0
,16,1,5.314841,0,0,0
,14,0,11.44259,1,0,1
2.299191,8,0,11.70111,0,0,1
,14,0,13.20398,1,0,1
2.686728,10,0,8.409599,1,0,0
1.19328,9,0,3.879073,0,1,0
1.612986,9,0,11.44403,0,0,1
1.752928,18,1,0,0,1,0
1.460865,14,0,7.93858,0,1,0
1.212488,15,0,6.06168,1,1,0
2.399965,14,0,0,1,1,0
,13,0,11.28726,1,1,1
2.002038,13,0,6.312912,1,0,0
1.487817,9,0,4.684944,1,1,0
2.448758,12,0,6.752834,1,0,0
1.310492,12,0,12.26049,0,0,1
.8740163,13,0,8.890682,1,0,0
,15,0,10.67579,1,0,0
1.867103,13,0,2.214707,0,0,0
2.37904,12,0,4.802357,0,0,0
,17,1,3.693131,1,1,0
2.658625,12,0,0,1,1,0
2.537384,12,0,0,0,0,0
1.012718,16,1,2.225075,0,0,0
1.703836,12,0,3.553849,1,0,0
.6168817,13,0,9.417822,1,0,0
1.053447,12,0,0,1,1,0
2.329478,14,0,0,1,1,0
,13,0,3.697398,1,1,0
,15,0,14.1859,1,0,1
2.035892,10,0,11.09541,1,0,1
,10,0,14.2505,1,0,1
,13,0,12.25737,0,0,1
,17,1,7.534616,0,1,0
2.083897,9,0,8.020109,0,1,0
1.139423,15,0,2.074826,1,0,0
2.209779,11,0,6.508398,0,0,0
1.685928,12,0,5.182023,0,1,0
2.277843,11,0,11.00513,0,0,1
1.708016,10,0,8.953294,1,1,1
1.989182,12,0,6.927195,1,1,0
,13,0,10.18941,1,0,0
1.253383,11,0,5.365252,1,1,0
2.136587,16,1,3.96756,0,1,0
1.064783,7,0,6.726018,0,0,0
.8884983,13,0,1.395664,0,0,0
,15,0,0,1,1,0
-.3235496,11,0,1.223898,1,1,0
1.544686,13,0,3.487994,0,1,0
2.310962,15,0,0,1,0,0
.4531582,15,0,1.934246,1,1,0
,16,1,5.817589,1,0,0
1.314171,15,0,5.078409,0,1,0
1.379377,14,0,0,1,1,0
1.763353,6,0,9.766431,1,1,1
,12,0,10.71237,1,1,1
,15,0,5.009624,1,0,0
,9,0,13.3939,1,0,1
1.588079,12,0,0,0,0,0
2.138307,12,0,4.779704,1,0,0
,16,1,10.10751,1,1,0
,14,0,10.9615,1,1,1
,14,0,10.65455,0,0,0
1.802553,10,0,7.190456,1,0,0
1.229936,11,0,0,1,1,0
2.239652,14,0,6.950065,0,0,0
,14,0,6.212721,1,1,0
2.438766,10,0,0,0,0,0
-.1935484,9,0,0,1,0,0
2.722893,12,0,9.081825,0,0,0
1.324271,11,0,6.745688,1,1,0
1.287642,9,0,5.048756,1,0,0
,13,0,9.057459,1,0,0
2.27775,11,0,3.542285,0,0,0
,13,0,13.22827,0,1,1
1.848093,9,0,10.19267,1,0,1
2.116453,15,0,2.905512,1,0,0
1.324594,15,0,2.822062,0,1,0
,11,0,14.57249,0,0,1
1.734303,13,0,0,1,1,0
1.942721,12,0,4.170851,1,0,0
2.408262,14,0,5.236971,1,1,0
2.255491,12,0,8.489681,1,0,0
,12,0,10.56858,1,0,1
2.322654,13,0,10.10413,0,0,0
2.193964,8,0,10.62878,1,1,1
1.874944,15,0,1.089123,1,0,0
,12,0,11.88879,1,1,1
.7329667,13,0,5.64104,1,0,0
,15,0,3.665117,1,0,0
2.785566,13,0,4.996885,1,0,0
1.416503,12,0,7.759566,0,1,0
1.305692,12,0,2.759187,1,0,0
1.685708,11,0,7.33755,1,0,0
,17,1,10.38231,1,0,0
2.316266,12,0,1.494493,1,1,0
2.110499,13,0,3.340155,1,0,0
3.293945,11,0,6.901039,0,1,0
1.360955,12,0,10.62406,0,0,0
,18,1,10.05206,1,0,0
1.804338,7,0,4.351956,1,1,0
1.20122,8,0,10.98353,1,0,1
,13,0,13.25486,1,0,1
2.010019,13,0,.287584,1,1,0
1.996426,10,0,12.64582,1,1,1
,16,1,8.822234,1,0,0
2.324804,10,0,8.278643,1,0,0
1.655154,11,0,2.667712,0,1,0
,12,0,10.95426,1,0,1
,16,1,8.821028,0,0,0
.6251149,14,0,0,0,0,0
1.135554,15,0,5.380222,1,1,0
.5956444,12,0,.4011891,0,0,0
2.110533,13,0,1.958042,1,1,0
2.231401,13,0,7.018045,1,1,0
1.223902,11,0,6.186606,1,0,0
.1014587,11,0,2.709421,1,1,0
2.075175,13,0,5.343839,0,0,0
,11,0,15.51741,1,1,1
1.795383,9,0,1.995631,1,1,0
,13,0,8.584787,1,0,0
-.2265274,10,0,0,0,0,0
,12,0,15.44343,1,1,1
1.188047,12,0,4.884213,0,1,0
2.654479,14,0,4.900445,0,0,0
2.659276,13,0,8.761412,0,0,0
.7199575,11,0,1.221823,0,1,0
,11,0,12.70842,1,0,1
1.708247,13,0,.6800858,1,0,0
,16,1,5.408015,1,0,0
2.222677,13,0,6.434351,1,0,0
2.444319,8,0,1.881999,0,0,0
,16,1,10.703,0,1,0
,16,1,4.835855,1,0,0
1.171989,9,0,11.57203,1,0,1
2.573089,13,0,5.072908,0,1,0
,13,0,11.57359,1,0,1
-.3726417,8,0,10.59048,1,1,1
,17,1,6.904907,1,1,0
2.010457,12,0,5.600646,1,1,0
1.729815,7,0,2.003042,0,1,0
1.717496,9,0,3.726268,0,0,0
1.644887,13,0,4.717288,1,0,0
.2253498,13,0,6.890133,0,0,0
1.754166,11,0,9.415174,1,1,1
1.90296,12,0,0,1,0,0
,13,0,14.48553,1,1,1
1.42969,9,0,10.18243,1,0,1
1.713648,11,0,7.382751,1,0,0
.6063368,15,0,3.826804,1,0,0
.9034632,13,0,0,1,0,0
,12,0,10.49939,0,0,1
.5462083,13,0,0,0,0,0
1.543343,12,0,0,0,1,0
,11,0,13.95412,1,1,1
.7796361,12,0,0,0,0,0
,16,1,7.819683,1,1,0
1.362051,9,0,1.766251,1,0,0
2.49557,9,0,10.40325,1,0,1
.2208749,13,0,0,1,0,0
2.003582,16,1,.83683,1,1,0
.6056336,14,0,0,1,0,0
1.620923,10,0,.6080425,0,0,0
1.504447,12,0,0,1,1,0
.8741499,14,0,2.298754,1,0,0
2.473886,11,0,6.386546,1,1,0
2.719193,13,0,.8263198,0,1,0
1.387898,12,0,3.727153,0,1,0
1.564411,11,0,1.405303,1,0,0
2.50313,13,0,3.416874,1,0,0
.3048636,14,0,0,1,1,0
1.671461,8,0,15.86301,1,0,1
,15,0,6.384174,1,1,0
1.543804,15,0,.723544,1,1,0
2.867528,13,0,8.837895,0,1,0
2.877157,11,0,9.168271,0,0,0
,15,0,6.937276,0,0,0
,13,0,6.531739,1,1,0
.7492644,14,0,2.966881,0,0,0
1.821869,9,0,7.443498,0,0,0
,16,1,5.022369,1,1,0
2.937583,12,0,5.861045,0,1,0
2.624836,11,0,2.346594,0,1,0
1.738133,9,0,5.968803,1,1,0
,18,1,9.791757,1,1,0
1.586885,10,0,8.690491,1,0,1
,14,0,10.65531,0,0,1
,17,1,.8329732,1,0,0
1.143281,5,0,4.17877,1,0,0
2.797025,9,0,5.313321,1,0,0
,16,1,8.356563,1,0,0
2.143475,15,0,2.27672,1,0,0
,10,0,12.63673,1,0,1
1.912764,12,0,2.430085,1,0,0
1.980138,14,0,0,0,0,0
3.080774,12,0,2.323457,0,1,0
,14,0,15.94728,1,0,1
,16,1,16.34761,1,1,1
.7406586,10,0,6.090517,1,0,0
,14,0,16.61102,1,0,1
2.04477,13,0,8.575791,0,0,0
1.599066,12,0,2.766035,1,1,0
2.595395,15,0,6.608432,0,1,0
1.834297,11,0,0,1,1,0
,13,0,9.953103,1,1,0
.7824432,10,0,7.185901,0,1,0
,15,0,5.063801,1,0,0
2.025534,11,0,10.21966,0,0,1
.2361845,11,0,5.321172,1,1,0
.7897393,14,0,4.608363,0,1,0
1.593023,9,0,4.633442,0,1,0
,16,1,0,1,0,0
2.742497,12,0,1.358882,1,1,0
.8154597,10,0,8.666538,1,1,0
,11,0,10.4495,1,0,1
2.271612,7,0,13.12714,0,0,1
1.532791,12,0,10.64322,0,1,1
,11,0,9.556254,1,0,1
,11,0,19.07559,1,0,1
,14,0,12.34477,1,0,1
,14,0,11.78236,1,0,1
1.513265,11,0,8.905367,1,0,1
3.088245,13,0,1.067514,1,1,0
1.237871,13,0,.7406281,1,1,0
1.647716,14,0,0,0,1,0
2.240061,10,0,6.72575,0,0,0
1.69776,11,0,4.663931,1,0,0
1.64471,14,0,5.121503,1,1,0
1.851155,12,0,6.059649,1,1,0
1.771783,16,1,0,0,1,0
1.888469,15,0,7.820517,0,0,0
2.69364,13,0,9.006586,0,0,0
,16,1,12.12119,0,0,0
,15,0,6.664072,1,1,0
.909918,10,0,3.040206,0,1,0
2.474043,12,0,4.613175,0,1,0
,14,0,8.743698,1,1,0
2.297555,12,0,7.899071,1,0,0
3.229482,12,0,5.331277,1,1,0
1.115022,13,0,4.412617,0,0,0
.0079138,10,0,4.537678,1,0,0
,14,0,13.81433,1,0,1
,12,0,11.06766,1,0,1
2.867078,8,0,11.26662,1,1,1
1.898648,13,0,1.524042,1,0,0
1.551985,10,0,6.832772,1,0,0
.3204527,10,0,0,1,0,0
2.541683,10,0,2.183955,1,1,0
,12,0,10.17961,1,0,1
1.424012,10,0,13.82638,0,0,1
1.981172,11,0,8.714856,0,1,0
,10,0,15.84135,1,0,1
.9470789,11,0,2.539271,1,0,0
1.48297,12,0,9.758505,0,0,0
1.859975,16,1,.0292533,0,1,0
2.571161,13,0,0,0,0,0
.7737222,13,0,0,1,0,0
1.602862,15,0,.2329663,1,1,0
1.372778,12,0,8.057879,1,1,0
2.208442,12,0,4.092377,1,1,0
,15,0,13.36168,1,0,1
1.749183,11,0,5.454799,1,0,0
,15,0,6.618689,1,1,0
1.270315,12,0,0,1,1,0
1.03137,10,0,2.145136,0,1,0
1.764669,13,0,5.438348,1,0,0
1.798272,8,0,2.186116,0,0,0
1.590814,13,0,8.32252,0,0,0
3.604871,12,0,8.169471,0,0,0
2.584806,12,0,4.475028,1,1,0
1.075418,14,0,4.416061,1,1,0
,13,0,9.302629,1,1,0
1.705635,9,0,0,0,0,0
,18,1,4.62082,1,1,0
,12,0,13.03645,1,0,1
3.178265,12,0,0,1,0,0
1.746169,15,0,4.409494,1,1,0
,12,0,11.43638,1,1,1
,14,0,8.53369,1,0,0
1.429485,11,0,15.03746,0,1,1
,12,0,15.03818,1,0,1
1.595481,9,0,7.090205,1,0,0
1.998299,10,0,6.555532,1,0,0
.9564518,12,0,2.715703,0,0,0
.5519994,10,0,1.654467,1,0,0
1.464472,9,0,2.450711,1,0,0
2.334488,9,0,0,1,1,0
,17,1,6.728699,1,1,0
3.01354,13,0,3.618152,0,1,0
1.752325,9,0,5.297989,0,0,0
1.347393,10,0,5.506263,1,0,0
,16,1,8.553523,0,0,0
1.604217,10,0,7.350241,1,1,0
2.30384,12,0,7.733058,0,0,0
.9949238,10,0,2.218124,1,0,0
1.446965,11,0,4.237309,0,1,0
-.1815469,11,0,0,1,0,0
,14,0,15.43496,0,0,1
,15,0,6.120938,1,0,0
1.801999,10,0,0,0,1,0
1.432052,12,0,0,1,1,0
,15,0,16.604,1,0,1
,12,0,18.98553,0,0,1
,13,0,10.75647,1,1,1
2.080076,9,0,6.221845,1,1,0
2.830762,10,0,7.98419,0,0,0
,13,0,14.85326,1,0,1
1.763622,12,0,9.633724,1,1,0
,13,0,12.51202,0,0,1
,14,0,4.687881,1,0,0
1.767862,13,0,4.024998,0,0,0
,16,1,5.336271,1,1,0
,12,0,15.92685,1,1,1
1.813354,10,0,0,1,1,0
1.417784,13,0,4.558266,1,1,0
.6387407,11,0,2.609322,1,1,0
1.491667,14,0,.2046896,1,1,0
,11,0,9.323197,1,0,1
1.405568,12,0,2.566459,0,0,0
1.152719,12,0,.5802655,1,0,0
,15,0,8.462655,1,1,0
,13,0,7.904428,1,1,0
1.934781,8,0,6.57205,1,1,1
2.372319,8,0,8.846462,1,1,1
1.25612,10,0,8.845241,1,0,1
,14,0,12.12885,0,1,1
2.901702,11,0,10.53093,0,1,1
2.05651,15,0,2.491513,0,1,0
1.554384,9,0,11.57828,1,0,1
1.747418,13,0,8.826038,1,1,0
,14,0,13.81723,1,0,1
,18,1,0,1,1,0
1.274313,13,0,5.466517,0,0,0
1.703614,13,0,4.140198,1,0,0
1.571068,13,0,7.082479,0,1,0
,18,1,5.558205,0,1,0
.5604862,9,0,14.66049,0,0,1
1.614542,11,0,7.705913,0,0,0
1.398895,14,0,5.742021,0,0,0
.5374731,8,0,0,1,1,0
2.639548,14,0,5.849077,0,0,0
,12,0,11.9392,1,0,1
,13,0,10.76432,0,1,1
1.206076,15,0,.7999052,0,0,0
2.229457,12,0,3.511029,1,0,0
1.893126,15,0,0,0,0,0
1.378274,14,0,7.896923,0,1,0
,15,0,7.373065,1,1,0
2.263176,11,0,0,0,0,0
1.46605,14,0,4.103377,1,0,0
2.54776,11,0,2.283401,0,1,0
1.451191,12,0,0,1,0,0
.8742133,14,0,7.746069,1,0,0
,14,0,8.853258,1,1,0
,15,0,14.38954,0,0,1
,11,0,14.3946,1,1,1
1.513502,12,0,3.167805,0,1,0
1.094073,9,0,.4795662,1,0,0
2.19961,10,0,8.306981,0,1,1
,13,0,8.569713,1,0,0
1.009665,10,0,5.433184,0,1,0
1.83782,16,1,0,0,1,0
1.516029,8,0,4.491943,1,1,0
2.328341,13,0,2.311815,1,0,0
,16,1,5.910193,1,0,0
,13,0,17.45385,0,0,1
,18,1,12.8977,1,1,0
,14,0,10.42278,1,0,0
,13,0,12.03735,1,1,1
1.334559,14,0,.4288085,1,1,0
.9631876,5,0,.5498684,0,0,0
1.116895,11,0,1.490826,1,0,0
1.532248,14,0,3.661509,1,0,0
,17,1,7.925582,0,1,0
,13,0,11.8627,1,0,1
1.97522,10,0,3.890479,0,0,0
2.291313,14,0,0,1,0,0
2.185722,11,0,0,0,1,0
2.024349,16,1,0,0,0,0
1.299957,7,0,0,1,1,0
,16,1,3.418049,1,0,0
1.973744,12,0,2.433482,0,0,0
,14,0,10.26158,1,1,1
1.700277,9,0,18.65126,0,0,1
,15,0,8.180773,1,1,0
,14,0,7.8294,1,0,0
.7880528,12,0,0,1,0,0
,10,0,17.39377,1,1,1
1.662309,15,0,3.319676,1,0,0
.5909302,11,0,13.42321,1,0,1
2.241451,12,0,8.247094,1,1,0
1.704125,12,0,0,1,0,0
1.60831,13,0,8.83338,0,0,0
,13,0,14.85379,1,0,1
,12,0,11.70226,1,0,1
2.18737,14,0,5.304827,1,1,0
1.575871,8,0,0,0,0,0
1.53059,8,0,.061995,1,0,0
1.316544,16,1,6.312457,0,0,0
2.052996,10,0,13.61279,0,0,1
1.644272,10,0,.2114302,0,0,0
1.209372,11,0,5.893364,0,1,0
2.568377,14,0,4.551409,0,0,0
,17,1,8.285909,1,0,0
2.124881,14,0,4.09808,1,1,0
2.429346,14,0,2.875629,1,1,0
,16,1,17.43353,1,1,1
,12,0,9.778404,1,1,1
,14,0,9.467046,1,1,0
.3544618,9,0,6.510989,1,0,0
2.204207,12,0,5.634511,0,1,0
,15,0,15.42767,1,0,1
,16,1,7.927001,1,0,0
1.64932,12,0,7.800651,1,1,0
2.064713,9,0,10.92615,1,1,1
.6453188,10,0,4.621685,1,1,0
,14,0,13.30391,1,0,1
,14,0,20.29257,0,0,1
.5205537,11,0,0,1,0,0
1.158638,12,0,.6900889,1,1,0
.2689272,15,0,3.422928,0,0,0
2.853926,11,0,4.882798,0,0,0
,10,0,17.14605,1,0,1
,17,1,16.00247,1,1,1
.4809061,13,0,5.818759,0,0,0
,16,1,9.030464,1,1,0
.73625,9,0,4.395808,0,0,0
.3244151,14,0,6.377025,1,0,0
1.962454,11,0,5.558318,1,1,0
.8547638,11,0,8.137391,0,0,0
,14,0,10.90221,1,0,0
1.334769,12,0,4.127864,0,0,0
,15,0,9.906035,1,1,0
2.896215,11,0,7.761274,1,0,0
1.669645,15,0,1.374545,0,1,0
1.419137,12,0,2.974464,1,0,0
,12,0,10.27943,1,0,0
2.160753,15,0,0,1,0,0
1.816015,11,0,9.545078,1,0,1
1.041283,14,0,0,0,0,0
2.739743,11,0,0,0,1,0
,15,0,20.09532,0,0,1
,13,0,11.29452,1,0,1
2.03811,14,0,4.482775,0,1,0
,14,0,10.01935,1,1,0
,10,0,25,1,0,1
1.462369,10,0,10.47292,0,1,1
1.713113,13,0,3.744989,1,1,0
2.412007,13,0,0,0,0,0
1.369049,12,0,9.874287,0,0,0
2.724737,9,0,5.215596,0,0,0
2.238107,14,0,3.371171,1,0,0
1.104798,11,0,5.62257,1,0,0
2.297063,6,0,3.920831,1,1,0
,14,0,11.56815,1,0,1
,11,0,10.85288,1,0,1
1.266943,11,0,0,1,1,0
1.789739,10,0,4.504117,1,0,0
2.703077,12,0,5.503127,1,0,0
.3007694,13,0,.5821522,1,0,0
1.224825,8,0,3.651029,0,0,0
1.949022,13,0,3.39373,0,0,0
,12,0,12.00736,1,1,1
,13,0,6.915393,1,0,0
,13,0,15.09137,1,0,1
2.12179,14,0,.7948613,1,1,0
2.559473,10,0,3.59335,1,0,0
,18,1,6.747988,1,1,0
2.256915,10,0,6.39511,1,1,0
1.4321,9,0,2.679463,1,1,0
.7725505,14,0,6.325522,1,0,0
1.511769,10,0,0,1,1,0
1.313487,13,0,5.859201,0,1,0
2.308182,14,0,2.623582,0,1,0
,16,1,1.713676,1,0,0
.643426,9,0,0,1,0,0
2.317432,14,0,4.429308,1,0,0
,15,0,9.694451,1,1,0
1.683592,8,0,5.364264,1,1,0
2.04847,11,0,6.918356,0,0,0
2.098509,12,0,9.038319,1,0,0
-.3267611,8,0,.3965203,0,1,0
1.343572,8,0,11.01985,0,0,1
,14,0,10.00202,0,0,0
1.706536,14,0,.636923,1,1,0
,15,0,6.53955,1,1,0
2.061532,16,1,2.340805,0,0,0
.9873089,12,0,0,1,0,0
.1613929,11,0,1.660731,1,0,0
,14,0,12.546,1,0,1
2.07024,14,0,3.401761,0,0,0
,13,0,12.23946,1,0,1
,13,0,13.52315,1,0,1
,15,0,8.385377,1,0,0
1.256695,9,0,5.745615,1,0,0
1.534766,13,0,6.981073,0,0,0
2.093441,12,0,6.509499,0,1,0
.9026598,10,0,3.041456,0,0,0
,15,0,6.307686,1,0,0
,13,0,11.11405,1,0,1
2.22425,14,0,2.074955,1,0,0
2.073431,14,0,6.260132,1,1,0
,14,0,12.89256,0,0,1
.8431178,12,0,1.985989,0,0,0
,14,0,11.99829,1,0,1
1.583474,9,0,13.99243,1,0,1
1.784134,14,0,.0856409,0,0,0
,15,0,13.60446,0,0,1
,14,0,12.67589,0,1,1
2.604219,12,0,7.587413,1,0,0
3.146048,11,0,5.737528,0,0,0
2.021345,12,0,3.632925,0,1,0
,13,0,13.52601,1,0,1
.8414068,9,0,4.035826,1,1,0
,12,0,11.70512,1,0,1
,11,0,16.09636,0,0,1
,12,0,15.01183,1,0,1
2.773813,12,0,0,0,0,0
,13,0,10.09091,1,0,0
1.362816,11,0,7.152474,1,1,0
1.809742,15,0,1.390464,1,0,0
1.393571,13,0,6.853271,0,0,0
2.880602,11,0,7.952724,1,1,0
,17,1,8.522646,1,0,0
1.072578,11,0,5.059941,1,0,0
,16,1,6.18299,0,0,0
,15,0,11.57998,1,1,1
,18,1,0,1,1,0
,14,0,6.047613,1,0,0
-.2733155,10,0,2.390848,0,0,0
2.652988,15,0,0,1,0,0
1.605001,15,0,5.42499,0,1,0
2.016431,13,0,9.049108,0,0,0
1.861003,11,0,0,1,0,0
2.441745,14,0,5.320736,0,1,0
2.165784,10,0,2.452482,1,0,0
2.068471,12,0,5.881191,1,0,0
,16,1,15.68152,0,1,1
.8219817,11,0,7.7302,0,0,0
1.477816,13,0,4.119316,0,0,0
,15,0,16.70533,1,1,1
,15,0,8.178159,0,0,0
1.992139,10,0,4.645888,1,0,0
2.034918,11,0,8.472944,0,1,0
,10,0,12.39868,1,0,1
3.006598,11,0,0,0,0,0
1.990867,13,0,4.125243,1,1,0
2.337754,9,0,6.074211,1,0,0
2.299924,15,0,0,1,1,0
1.631091,16,1,1.454404,1,0,0
2.06775,13,0,10.22806,0,0,0
,10,0,9.725142,1,0,1
,13,0,19.3661,1,1,1
1.500776,14,0,4.78258,0,1,0
,17,1,5.420005,1,1,0
2.087618,14,0,8.738836,0,1,0
,15,0,17.86047,1,1,1
1.705589,8,0,2.815849,1,1,0
,12,0,11.40035,1,0,1
1.15549,15,0,1.097129,0,1,0
2.020118,10,0,7.651792,0,0,0
1.231524,11,0,6.584673,0,0,0
.5155318,12,0,4.291684,1,1,0
2.292637,11,0,8.316295,0,0,0
1.265172,12,0,.6654696,1,1,0
1.902876,7,0,4.906438,1,0,0
2.329039,8,0,11.9563,1,1,1
1.965489,14,0,7.389874,0,0,0
1.177893,10,0,1.301288,1,1,0
,10,0,11.63049,1,1,1
2.071573,14,0,0,1,1,0
1.960569,14,0,6.496852,0,0,0
,16,1,8.488099,1,1,0
,15,0,10.04776,1,1,0
1.676507,8,0,3.11578,0,1,0
1.338185,9,0,11.72184,1,1,1
1.907261,9,0,0,0,0,0
,15,0,6.255373,1,1,0
1.918569,9,0,13.97476,1,1,1
1.535667,11,0,0,1,0,0
.9863111,12,0,1.032616,1,0,0
2.326296,9,0,9.114154,1,1,1
,18,1,10.0185,0,1,0
,16,1,2.47658,1,1,0
,13,0,9.733621,1,0,1
,14,0,6.570712,1,0,0
1.607707,14,0,6.023011,0,0,0
1.096593,8,0,1.189404,0,0,0
1.232149,11,0,10.68105,0,1,1
1.271083,12,0,5.175052,1,1,0
,7,0,14.89477,1,0,1
,13,0,14.63948,1,1,1
,12,0,10.62527,1,0,1
1.397636,10,0,2.7199,0,0,0
1.921623,13,0,3.146488,1,1,0
.7339651,7,0,0,1,1,0
,15,0,6.500683,0,0,0
